employee_id,first_name,last_name,email_address,phone,dealership_id,employee_type_id
1,Estrella,Deehan,edeehan0@sitemeter.com,969-179-1051,276,7
2,North,Pentycost,npentycost1@jiathis.com,754-777-1249,610,7
3,Aldridge,Newborn,anewborn2@opensource.org,159-202-0530,41,4
4,Jobina,Whatmough,jwhatmough3@amazon.co.jp,504-498-9245,919,3
5,Ivie,Latchford,ilatchford4@fastcompany.com,752-651-8973,588,5
6,Winfield,Cherryman,wcherryman5@soundcloud.com,953-814-1943,760,2
7,Vikky,Rylatt,vrylatt6@zimbio.com,331-962-9389,437,3
8,Rollin,Habbin,rhabbin7@prweb.com,333-273-7506,674,1
9,Jane,Treherne,jtreherne8@slate.com,165-227-3353,161,7
10,Luelle,Roff,lroff9@shinystat.com,865-520-3774,379,5
11,Land,Mulvey,lmulveya@free.fr,907-173-9918,40,1
12,Stewart,McKerron,smckerronb@dmoz.org,212-695-4579,302,7
13,Brooke,Pember,bpemberc@sfgate.com,733-400-2661,11,7
14,Evy,Hicks,ehicksd@godaddy.com,556-590-1696,612,5
15,Ring,Routhorn,rrouthorne@squidoo.com,869-895-4236,692,4
16,Peyton,Butterick,pbutterickf@gov.uk,212-426-3726,399,7
17,Amitie,Garoghan,agaroghang@nsw.gov.au,248-638-7465,128,6
18,Suzi,Trowell,strowellh@mashable.com,945-997-1916,429,3
19,Eldredge,Cawdron,ecawdroni@wikipedia.org,635-889-6102,590,7
20,Nat,Worsley,nworsleyj@php.net,652-770-6875,615,7
21,Catie,Ferreo,cferreok@posterous.com,599-218-9827,173,5
22,Codie,Cheverell,ccheverelll@senate.gov,619-225-1885,566,7
23,Jens,McOmish,jmcomishm@sitemeter.com,717-118-5666,571,5
24,Bourke,Meake,bmeaken@meetup.com,557-801-7516,426,4
25,Dru,Ilyinykh,dilyinykho@free.fr,699-875-6832,602,1
26,Maggee,Creek,mcreekp@yahoo.co.jp,264-211-3745,552,1
27,Welch,Olivelli,wolivelliq@cargocollective.com,309-263-8380,511,1
28,Latashia,Millom,lmillomr@ucoz.com,857-902-4530,414,6
29,Shawna,Wrighton,swrightons@plala.or.jp,429-488-6525,424,6
30,Levon,Viant,lviantt@earthlink.net,382-730-9316,720,6
31,Kizzee,Arnaldy,karnaldyu@wp.com,289-850-5469,434,3
32,Ivan,Asman,iasmanv@independent.co.uk,892-581-9870,511,1
33,Si,Radmore,sradmorew@cbc.ca,387-129-7486,530,3
34,Darbie,Bearn,dbearnx@apple.com,816-616-7374,698,7
35,Harmony,Abrahmer,habrahmery@pbs.org,163-875-7711,358,2
36,Otis,Fellow,ofellowz@netlog.com,735-753-9885,716,7
37,Haroun,Thiem,hthiem10@howstuffworks.com,236-915-5832,162,1
38,Rebbecca,Lamburne,rlamburne11@chronoengine.com,431-622-6728,412,5
39,Cal,Clemmens,cclemmens12@usda.gov,613-751-3459,460,2
40,Frazier,Jonathon,fjonathon13@altervista.org,222-156-1547,423,3
41,Effie,Seeley,eseeley14@diigo.com,956-381-8392,882,2
42,Jon,McMichael,jmcmichael15@plala.or.jp,359-371-7427,209,6
43,Regine,De la Feld,rdelafeld16@addthis.com,418-511-4577,631,3
44,Moe,Godbert,mgodbert17@arstechnica.com,822-402-4087,400,7
45,Stanley,Jadczak,sjadczak18@google.es,787-315-9100,136,6
46,Moyra,Audiss,maudiss19@netvibes.com,906-220-3274,364,6
47,Rosie,Gianulli,rgianulli1a@canalblog.com,952-174-4362,580,1
48,Freeland,Twidale,ftwidale1b@sciencedirect.com,466-435-8472,572,4
49,Delly,Powys,dpowys1c@businessweek.com,652-585-9065,634,6
50,Spense,Standbrook,sstandbrook1d@house.gov,824-589-7476,619,6
51,Curtice,Fortey,cfortey1e@springer.com,360-666-1670,17,5
52,Kamilah,Goring,kgoring1f@cocolog-nifty.com,237-478-1567,422,7
53,Gerald,Timcke,gtimcke1g@telegraph.co.uk,684-821-8725,635,5
54,Rolfe,Goody,rgoody1h@ihg.com,466-420-3556,390,1
55,Evan,Muckley,emuckley1i@amazon.com,135-896-2556,899,3
56,Veronica,Goodanew,vgoodanew1j@networksolutions.com,866-642-7871,932,7
57,Moria,McRinn,mmcrinn1k@theatlantic.com,675-219-7227,38,3
58,Christoffer,Tropman,ctropman1l@telegraph.co.uk,530-894-1631,393,5
59,Giacopo,Hankins,ghankins1m@nhs.uk,235-194-8504,633,4
60,Horton,Rumsey,hrumsey1n@feedburner.com,654-675-8183,402,4
61,Pippy,Pengelley,ppengelley1o@nps.gov,865-385-5634,827,3
62,Lura,Binion,lbinion1p@odnoklassniki.ru,320-857-1498,13,2
63,Jakie,Shoebottom,jshoebottom1q@tinyurl.com,954-556-2923,213,5
64,Cybil,Gillaspy,cgillaspy1r@smh.com.au,151-438-2897,318,3
65,Raimundo,Moulding,rmoulding1s@un.org,317-161-0803,97,6
66,Charla,Hasley,chasley1t@alibaba.com,314-381-9899,605,5
67,Loren,Rusted,lrusted1u@slideshare.net,987-888-2182,829,7
68,Anna-diane,McGeffen,amcgeffen1v@reference.com,411-343-4047,749,2
69,Haley,Pugsley,hpugsley1w@shareasale.com,577-672-3699,586,5
70,Ashlin,Tomaszek,atomaszek1x@prnewswire.com,594-855-0931,506,4
71,Liliane,Oxshott,loxshott1y@timesonline.co.uk,738-645-1890,844,6
72,Kathie,Aaronson,kaaronson1z@godaddy.com,212-952-2220,824,7
73,Garfield,Dearsley,gdearsley20@cloudflare.com,427-704-0060,738,2
74,Meta,McPhillips,mmcphillips21@samsung.com,534-628-2169,70,4
75,Patrizio,Detheridge,pdetheridge22@senate.gov,597-922-8096,636,5
76,Emelita,Gronow,egronow23@spotify.com,861-201-0515,540,1
77,Diahann,Crellim,dcrellim24@pen.io,273-385-9927,774,1
78,Davita,Ackroyd,dackroyd25@smugmug.com,761-359-3759,207,2
79,Benny,Barthelemy,bbarthelemy26@imdb.com,188-768-6987,354,5
80,Myrtice,Prynne,mprynne27@oracle.com,586-601-0328,544,1
81,Cosetta,Beardsworth,cbeardsworth28@booking.com,508-971-5676,411,6
82,Salem,Petlyura,spetlyura29@rediff.com,824-526-0031,224,5
83,Johnny,Glasby,jglasby2a@noaa.gov,307-638-3621,383,7
84,Charlot,Croci,ccroci2b@webnode.com,694-264-5673,846,5
85,Pearline,Cracker,pcracker2c@squarespace.com,884-360-7379,109,1
86,Electra,Tattersdill,etattersdill2d@discovery.com,251-204-1064,282,1
87,Michaella,Murrison,mmurrison2e@cbslocal.com,460-356-3166,887,1
88,Suzy,Collar,scollar2f@is.gd,211-413-8536,839,5
89,Marjory,Crocken,mcrocken2g@twitpic.com,296-632-7022,400,4
90,Lorilyn,Mcwhinnie,lmcwhinnie2h@studiopress.com,532-804-4563,703,6
91,Inessa,Pickford,ipickford2i@hatena.ne.jp,966-446-1760,668,3
92,Eyde,Daouze,edaouze2j@gizmodo.com,370-634-2565,992,5
93,Catherin,Feacham,cfeacham2k@sohu.com,822-479-3524,94,7
94,Angelo,Abramamovh,aabramamovh2l@google.cn,598-945-4311,941,5
95,Edward,Dominetti,edominetti2m@mysql.com,527-365-2100,92,3
96,Pen,Arbor,parbor2n@slashdot.org,397-595-0235,649,5
97,Faun,Hellen,fhellen2o@cnn.com,117-765-6249,264,4
98,Hollie,Catchpole,hcatchpole2p@surveymonkey.com,768-249-2139,445,6
99,Cyrillus,Appleton,cappleton2q@cnn.com,809-732-0035,688,1
100,Clement,Lewknor,clewknor2r@amazon.co.uk,965-150-0312,376,7
101,Hadlee,De Giorgi,hdegiorgi2s@odnoklassniki.ru,308-587-1975,644,2
102,Jelene,Brotherwood,jbrotherwood2t@com.com,832-647-3079,198,3
103,Wilek,Handsheart,whandsheart2u@theatlantic.com,634-649-8296,899,6
104,Ruthanne,Blanc,rblanc2v@apple.com,226-690-2638,979,4
105,Darnall,Cornell,dcornell2w@digg.com,793-240-9405,851,7
106,Sherri,Gleeson,sgleeson2x@hp.com,698-766-6424,247,6
107,Dorry,Gaylard,dgaylard2y@ifeng.com,556-310-7568,530,2
108,Byran,Ricioppo,bricioppo2z@state.tx.us,280-506-5292,295,3
109,Tamma,Orris,torris30@oaic.gov.au,906-974-4425,207,7
110,Janene,Gress,jgress31@nytimes.com,800-259-3944,401,2
111,Tobe,Dwelley,tdwelley32@pcworld.com,632-852-1627,187,4
112,Wendall,Wilbor,wwilbor33@tamu.edu,867-705-4008,782,6
113,Boot,Edens,bedens34@google.co.jp,598-562-0296,389,6
114,Curry,Bloodworthe,cbloodworthe35@berkeley.edu,640-873-9983,365,3
115,Conway,Warstall,cwarstall36@lycos.com,672-981-4315,426,4
116,Pia,Mouan,pmouan37@sitemeter.com,325-527-3124,391,1
117,Winny,Stolworthy,wstolworthy38@bloglines.com,281-440-0214,938,7
118,Xymenes,Wofenden,xwofenden39@merriam-webster.com,746-456-1522,247,1
119,Jermaine,Millsap,jmillsap3a@opera.com,880-898-0714,15,1
120,Denyse,Aslen,daslen3b@bizjournals.com,993-205-8827,884,3
121,Heindrick,Houndesome,hhoundesome3c@mayoclinic.com,635-177-2482,248,3
122,Prescott,Itzkovich,pitzkovich3d@berkeley.edu,343-496-0185,704,4
123,Ernestine,Elder,eelder3e@slate.com,207-642-8696,145,5
124,Abbe,Luce,aluce3f@reference.com,922-788-6344,491,3
125,Trudey,Dinsmore,tdinsmore3g@army.mil,628-522-9173,179,7
126,Basil,Gergolet,bgergolet3h@blogtalkradio.com,152-475-4387,76,2
127,Josy,Swyn,jswyn3i@ucoz.com,558-522-4543,293,2
128,Gilberte,Hatchard,ghatchard3j@wisc.edu,109-870-9912,225,3
129,Pavla,Lampett,plampett3k@github.io,805-226-9266,938,1
130,Anita,Allkins,aallkins3l@lulu.com,602-568-9246,858,2
131,Jule,Oloman,joloman3m@nymag.com,109-937-1432,883,7
132,Katrina,Trahmel,ktrahmel3n@hp.com,978-817-8246,308,4
133,Kasper,Lauchlan,klauchlan3o@istockphoto.com,608-761-0397,914,2
134,Bennie,Gallegos,bgallegos3p@rediff.com,587-642-2848,703,4
135,Winifield,Jarnell,wjarnell3q@icq.com,142-992-3693,905,5
136,Phillip,Janeway,pjaneway3r@blogger.com,866-449-6406,378,2
137,Corny,Ollet,collet3s@shop-pro.jp,562-625-8608,307,1
138,Randy,Tithacott,rtithacott3t@simplemachines.org,648-362-1081,700,3
139,Lynnelle,Collelton,lcollelton3u@slate.com,395-889-5421,820,6
140,Tasia,Grgic,tgrgic3v@behance.net,421-243-3595,805,4
141,Lyman,Grogor,lgrogor3w@desdev.cn,663-498-2663,100,4
142,Shayne,Digle,sdigle3x@zimbio.com,531-509-4574,706,6
143,Florance,Casbolt,fcasbolt3y@nasa.gov,348-669-6012,382,4
144,Charil,Paquet,cpaquet3z@barnesandnoble.com,528-687-3546,51,5
145,Trudie,Madgwich,tmadgwich40@alexa.com,690-220-9729,404,3
146,Dmitri,Staite,dstaite41@rediff.com,262-157-5913,107,5
147,Daryle,McDermot,dmcdermot42@studiopress.com,115-343-4640,308,5
148,Rosalia,Sor,rsor43@nature.com,786-999-3711,990,2
149,Ariella,Burry,aburry44@typepad.com,300-671-9629,755,7
150,Mike,Jarmaine,mjarmaine45@sciencedirect.com,124-765-2457,582,6
151,Adelaida,Escreet,aescreet46@com.com,734-103-9332,929,2
152,Stinky,Lorden,slorden47@marriott.com,335-703-0049,871,7
153,Wade,Whitland,wwhitland48@ucla.edu,164-451-9115,727,2
154,Sawyere,Carradice,scarradice49@merriam-webster.com,374-671-9623,814,2
155,Karlik,Benitez,kbenitez4a@barnesandnoble.com,560-354-6384,441,5
156,Tonye,Brendeke,tbrendeke4b@rambler.ru,246-553-3160,102,2
157,Jeanna,Sandercock,jsandercock4c@google.it,711-700-9198,279,6
158,Temple,Gateland,tgateland4d@usda.gov,913-431-1025,703,1
159,Cherri,Gorelli,cgorelli4e@cbc.ca,766-876-9636,285,7
160,Aurelea,Load,aload4f@archive.org,980-757-2742,949,4
161,Kalli,Bowser,kbowser4g@admin.ch,504-401-4238,323,4
162,Liana,Hunte,lhunte4h@tinyurl.com,497-758-1566,204,7
163,Doyle,Radborn,dradborn4i@cmu.edu,938-763-0318,701,2
164,Nalani,Pidduck,npidduck4j@dailymail.co.uk,244-783-7714,111,2
165,Willette,Kilfether,wkilfether4k@guardian.co.uk,177-884-6969,161,5
166,Melessa,Cabral,mcabral4l@networkadvertising.org,485-387-7917,972,4
167,Hadleigh,Bettesworth,hbettesworth4m@nih.gov,126-665-5611,523,7
168,Elise,Snelgar,esnelgar4n@yale.edu,795-441-8972,351,5
169,Haskell,Deniset,hdeniset4o@blogger.com,374-963-9521,629,7
170,Kerrill,McIlenna,kmcilenna4p@netvibes.com,704-544-2663,13,3
171,Keelby,Laurentin,klaurentin4q@pcworld.com,292-140-8896,934,4
172,Rosemaria,Plowes,rplowes4r@ftc.gov,668-168-3143,139,2
173,Nestor,Bordis,nbordis4s@blogger.com,699-682-6790,483,2
174,Catie,Stormonth,cstormonth4t@arizona.edu,518-953-3379,537,6
175,Herrick,Cruden,hcruden4u@noaa.gov,837-944-7268,546,6
176,Ted,Adcock,tadcock4v@globo.com,620-902-3220,246,2
177,Querida,Marklin,qmarklin4w@angelfire.com,977-918-2719,938,5
178,Abbie,Goozee,agoozee4x@cbsnews.com,442-181-0592,438,6
179,Frieda,Mechem,fmechem4y@creativecommons.org,854-666-3711,213,6
180,Shandee,Dray,sdray4z@w3.org,828-515-1713,61,2
181,Phyllida,Pritchett,ppritchett50@cbsnews.com,922-253-4630,71,2
182,Janka,Schaumann,jschaumann51@qq.com,775-504-6377,819,7
183,Suzann,Nordass,snordass52@4shared.com,841-408-2739,822,7
184,Randall,Benkhe,rbenkhe53@prnewswire.com,814-137-7473,774,7
185,Cirillo,Petrosian,cpetrosian54@oakley.com,889-532-4356,580,1
186,Gallard,Harbour,gharbour55@last.fm,215-797-8049,562,5
187,Abel,Wrey,awrey56@blogger.com,826-101-4088,385,2
188,Goldie,Cowles,gcowles57@newsvine.com,585-672-5012,953,7
189,Kit,McCardle,kmccardle58@opera.com,212-157-8900,245,6
190,Karlik,Olsen,kolsen59@mlb.com,988-681-6186,494,1
191,Lucienne,Lamberton,llamberton5a@joomla.org,875-556-7505,303,1
192,Trueman,Manktelow,tmanktelow5b@pagesperso-orange.fr,779-564-7091,433,1
193,Muire,Sothern,msothern5c@ezinearticles.com,509-932-0510,914,5
194,Prisca,Dwire,pdwire5d@jimdo.com,297-442-2319,177,6
195,Ingra,Stockill,istockill5e@icio.us,374-745-3216,362,6
196,Matilde,Shyre,mshyre5f@behance.net,601-528-1323,178,4
197,Thorstein,Cheers,tcheers5g@amazon.com,601-903-4813,30,6
198,Korry,Tolan,ktolan5h@accuweather.com,820-821-2605,923,1
199,Vicky,Savary,vsavary5i@etsy.com,404-478-0914,774,3
200,Martynne,Stell,mstell5j@cpanel.net,345-747-7418,65,1
201,Alverta,Myford,amyford5k@cloudflare.com,628-403-6585,862,2
202,Brandais,Shuttlewood,bshuttlewood5l@latimes.com,139-411-9519,3,4
203,Inna,Leythley,ileythley5m@bloglovin.com,399-730-1034,164,7
204,Gerhard,Hellings,ghellings5n@sbwire.com,599-548-2008,379,7
205,Lynsey,Foard,lfoard5o@accuweather.com,731-617-3046,512,4
206,Mirella,Jenkinson,mjenkinson5p@google.pl,211-863-9863,422,6
207,Burlie,Cleator,bcleator5q@privacy.gov.au,816-932-0384,539,1
208,Ryon,Kirkby,rkirkby5r@purevolume.com,459-295-7886,472,5
209,Cassie,Kelston,ckelston5s@dedecms.com,629-848-4542,785,4
210,Jeremy,Bodicam,jbodicam5t@163.com,575-654-0694,116,2
211,Allistir,Prangnell,aprangnell5u@sun.com,457-831-8193,401,5
212,Margaretha,Ridgedell,mridgedell5v@ehow.com,155-822-8843,527,4
213,Florri,Jumel,fjumel5w@angelfire.com,910-207-8385,202,3
214,Isobel,Inott,iinott5x@go.com,585-696-3853,817,6
215,Vania,Cracie,vcracie5y@eepurl.com,915-188-2968,618,2
216,Corbett,Mongan,cmongan5z@comsenz.com,840-583-0633,621,5
217,Frayda,Huggon,fhuggon60@posterous.com,984-869-2323,496,7
218,Marrilee,Synke,msynke61@google.com,383-337-7495,810,3
219,Karna,Pracy,kpracy62@ameblo.jp,288-900-7491,542,3
220,Kendall,Tuddenham,ktuddenham63@phoca.cz,472-101-0473,525,6
221,Dickie,Hardinge,dhardinge64@ibm.com,260-547-5640,167,3
222,Elana,Burrus,eburrus65@craigslist.org,402-320-0788,704,2
223,Florinda,McTiernan,fmctiernan66@theguardian.com,986-362-0773,398,3
224,Josselyn,Dougharty,jdougharty67@businesswire.com,996-623-6432,383,6
225,Carmine,Carass,ccarass68@alexa.com,657-688-8750,657,1
226,Jae,Royce,jroyce69@huffingtonpost.com,538-810-1318,917,6
227,Arliene,Cronchey,acronchey6a@sourceforge.net,675-321-9048,115,2
228,Bernard,Kermannes,bkermannes6b@samsung.com,633-320-1825,153,6
229,Horacio,Philipart,hphilipart6c@disqus.com,298-800-4067,873,6
230,Debbie,Isacq,disacq6d@yahoo.co.jp,270-241-7106,252,6
231,Shayla,Fairbeard,sfairbeard6e@rakuten.co.jp,501-226-0759,907,6
232,Westbrook,Couvert,wcouvert6f@bloglovin.com,382-715-1588,907,1
233,Kristoforo,Eisig,keisig6g@usgs.gov,673-184-0726,264,2
234,Werner,Jedrys,wjedrys6h@storify.com,817-544-9307,971,1
235,Leslie,Castel,lcastel6i@tripod.com,815-359-9311,52,5
236,Raphael,Helling,rhelling6j@ed.gov,311-996-8387,854,2
237,Sam,Gouldstraw,sgouldstraw6k@statcounter.com,556-569-3961,131,4
238,Deny,Girardi,dgirardi6l@1688.com,701-208-2071,723,2
239,Kelli,Spykings,kspykings6m@thetimes.co.uk,809-351-8115,538,5
240,Elyn,Stoneley,estoneley6n@pcworld.com,359-655-6968,484,5
241,Gael,Hargie,ghargie6o@usatoday.com,106-213-2241,958,7
242,Peirce,Hackney,phackney6p@imageshack.us,855-779-7998,863,2
243,Kathrine,Clougher,kclougher6q@hibu.com,744-473-8768,589,5
244,Danny,Heath,dheath6r@ed.gov,682-406-7736,882,3
245,Rockwell,Nanson,rnanson6s@feedburner.com,947-726-7343,326,7
246,Caryn,Sybry,csybry6t@newyorker.com,557-570-1445,737,4
247,Brand,Flower,bflower6u@dailymail.co.uk,711-970-6716,850,1
248,Rebekah,Lampitt,rlampitt6v@java.com,815-611-3537,158,5
249,Hestia,Adenot,hadenot6w@bbb.org,349-926-5196,21,4
250,Julienne,Dunbavin,jdunbavin6x@wordpress.org,295-868-6256,659,4
251,Agnes,Hegel,ahegel6y@slideshare.net,462-328-9462,917,7
252,Abbot,Danilchik,adanilchik6z@google.it,486-308-1113,42,4
253,Yuma,Jacson,yjacson70@e-recht24.de,908-564-3215,15,1
254,Slade,Gable,sgable71@symantec.com,223-745-2606,310,1
255,Kare,Brightwell,kbrightwell72@artisteer.com,984-303-0086,971,4
256,Sonni,Kedward,skedward73@w3.org,557-818-8866,990,7
257,Jenica,Atte-Stone,jattestone74@weebly.com,611-904-7254,524,5
258,Kellie,Casarini,kcasarini75@umn.edu,265-275-8763,506,5
259,Dalia,Reina,dreina76@photobucket.com,716-362-6824,355,3
260,Arlyne,Burborough,aburborough77@bing.com,862-165-0262,998,7
261,Douglass,Vellden,dvellden78@devhub.com,923-228-1607,418,6
262,Arther,Krug,akrug79@tumblr.com,682-510-1272,547,4
263,Kenny,Rolingson,krolingson7a@edublogs.org,576-994-7629,39,3
264,Shena,Rudyard,srudyard7b@hugedomains.com,399-256-8650,4,3
265,Neale,Tanti,ntanti7c@springer.com,183-770-7926,678,6
266,Obediah,Bramsen,obramsen7d@infoseek.co.jp,582-954-7797,796,4
267,Natale,Ellaman,nellaman7e@google.pl,423-419-0596,726,5
268,Malvina,Besque,mbesque7f@amazon.de,186-141-6611,579,4
269,Regina,Goldspink,rgoldspink7g@over-blog.com,424-453-5055,566,3
270,Andrea,Tollet,atollet7h@friendfeed.com,377-123-9316,459,5
271,Theodora,Arondel,tarondel7i@yelp.com,958-198-9336,604,1
272,Armand,Seyler,aseyler7j@dell.com,747-346-0255,333,2
273,Cad,Rosa,crosa7k@cloudflare.com,382-548-0116,91,2
274,Phedra,Gladyer,pgladyer7l@engadget.com,790-408-5339,778,2
275,Roselin,Spinello,rspinello7m@geocities.com,550-205-0186,223,2
276,Elvyn,Cory,ecory7n@blogtalkradio.com,708-327-0089,53,3
277,Peggie,Kubat,pkubat7o@unc.edu,895-310-5610,976,6
278,Joli,Greenmon,jgreenmon7p@home.pl,964-325-4723,950,4
279,Howey,Castro,hcastro7q@mapquest.com,711-997-9056,209,5
280,Isadora,Delucia,idelucia7r@hao123.com,826-224-9521,122,5
281,Sapphire,Kiffin,skiffin7s@chron.com,758-357-0088,555,5
282,Lucien,Fullick,lfullick7t@opensource.org,424-834-0830,707,4
283,Brigitte,Cackett,bcackett7u@slideshare.net,208-145-2091,699,6
284,Birk,Gorring,bgorring7v@alexa.com,108-100-0877,836,1
285,Theobald,Gatrill,tgatrill7w@dion.ne.jp,654-122-7731,562,7
286,Grant,Sidden,gsidden7x@examiner.com,680-913-3589,271,5
287,Cody,Trimby,ctrimby7y@indiegogo.com,297-737-4020,802,3
288,Bartholomew,Kener,bkener7z@china.com.cn,901-623-3027,199,7
289,Bert,Lakes,blakes80@oaic.gov.au,689-163-2368,646,2
290,Karlan,Tripony,ktripony81@google.com,521-469-2833,763,4
291,Florrie,Sawle,fsawle82@rambler.ru,915-972-9546,654,4
292,Barbaraanne,MacArdle,bmacardle83@acquirethisname.com,252-140-3096,43,4
293,Cathrin,Pettus,cpettus84@nhs.uk,883-619-5352,565,3
294,Con,Eustace,ceustace85@slashdot.org,978-933-9950,52,4
295,Trevar,Leber,tleber86@desdev.cn,760-609-1397,879,1
296,Clint,Josse,cjosse87@yellowbook.com,599-502-5615,945,3
297,Moselle,Tumbelty,mtumbelty88@photobucket.com,630-144-2831,306,1
298,Johann,Lohoar,jlohoar89@disqus.com,729-209-4765,21,2
299,Manny,Cranage,mcranage8a@amazonaws.com,575-194-4183,88,4
300,Boris,Sword,bsword8b@skyrock.com,190-546-1183,186,6
301,Paulette,Ternent,pternent8c@ocn.ne.jp,172-623-7968,207,3
302,Lammond,Sidney,lsidney8d@shareasale.com,369-659-3285,953,7
303,Agosto,Joblin,ajoblin8e@so-net.ne.jp,273-338-9749,179,5
304,Alis,Arlet,aarlet8f@wordpress.org,222-959-9677,491,2
305,Kris,Keal,kkeal8g@uol.com.br,193-435-9121,216,3
306,Stella,O'Carmody,socarmody8h@imgur.com,198-859-2222,267,7
307,Dolores,Ayrs,dayrs8i@nih.gov,259-344-3005,326,1
308,Madelle,Thebes,mthebes8j@networksolutions.com,418-600-6414,288,6
309,Waring,Spoor,wspoor8k@cmu.edu,177-866-2281,980,2
310,Carl,Falks,cfalks8l@weebly.com,372-599-2998,978,5
311,Lazare,Giffard,lgiffard8m@yellowpages.com,697-658-2950,990,3
312,Jammal,Chedzoy,jchedzoy8n@irs.gov,218-746-2744,962,6
313,Alaine,Romanelli,aromanelli8o@ezinearticles.com,441-290-5732,610,6
314,Corabella,Pechold,cpechold8p@artisteer.com,308-328-7284,975,3
315,Pall,Berntssen,pberntssen8q@comcast.net,148-729-8180,83,2
316,Jacqueline,Varga,jvarga8r@bandcamp.com,401-675-7386,56,3
317,Boonie,Cossons,bcossons8s@last.fm,711-178-5221,140,4
318,Kiele,Baggally,kbaggally8t@t-online.de,869-468-6453,829,3
319,Chrissy,Schukraft,cschukraft8u@people.com.cn,727-863-5465,746,5
320,Nicolais,Fortune,nfortune8v@bandcamp.com,351-790-5468,721,2
321,Sheeree,Scammell,sscammell8w@marriott.com,531-865-9909,821,6
322,Shalne,Polleye,spolleye8x@earthlink.net,420-771-4167,471,3
323,Pet,Giraudeau,pgiraudeau8y@etsy.com,709-489-5727,944,5
324,Llewellyn,Das,ldas8z@meetup.com,456-132-0656,576,2
325,Tore,Le Fevre,tlefevre90@imgur.com,232-173-6786,796,6
326,Barri,Sandwick,bsandwick91@bloglines.com,446-399-9088,692,4
327,Shalna,Durrett,sdurrett92@ihg.com,341-902-9681,509,6
328,Tynan,Need,tneed93@princeton.edu,308-507-7044,567,6
329,Hazlett,Phillipps,hphillipps94@odnoklassniki.ru,450-256-8913,588,7
330,Larissa,Stringer,lstringer95@opera.com,597-583-9724,639,4
331,Shirlee,Petruk,spetruk96@sciencedaily.com,246-305-3728,642,3
332,Mella,Coddrington,mcoddrington97@tinyurl.com,537-134-5172,46,1
333,Murdoch,Thumnel,mthumnel98@comsenz.com,728-212-5656,992,2
334,Thaine,Benallack,tbenallack99@ucoz.com,278-407-7390,202,5
335,Sara-ann,Morfett,smorfett9a@unesco.org,893-608-6977,903,5
336,Glen,Merrywether,gmerrywether9b@webs.com,727-257-8837,479,4
337,Betti,Welfair,bwelfair9c@prweb.com,856-568-6348,123,1
338,Charmane,Hambling,chambling9d@sciencedirect.com,109-214-7234,3,4
339,Zandra,Haley,zhaley9e@buzzfeed.com,718-744-0476,730,6
340,Edin,Khotler,ekhotler9f@google.it,861-208-4056,365,4
341,Darb,Anthoine,danthoine9g@webs.com,925-182-3049,355,4
342,Adelaide,O'Reilly,aoreilly9h@purevolume.com,324-574-3916,583,7
343,Maynard,Josovitz,mjosovitz9i@miitbeian.gov.cn,719-170-8222,946,7
344,Phylis,Gibbonson,pgibbonson9j@posterous.com,108-395-8480,779,5
345,Atlante,Courage,acourage9k@mtv.com,302-350-8538,619,4
346,Kimberli,Redit,kredit9l@imgur.com,751-395-8348,873,4
347,Gwendolin,Cordon,gcordon9m@hao123.com,412-773-5629,306,6
348,Gabby,Shepherdson,gshepherdson9n@github.io,445-453-7758,786,3
349,Allissa,Hadlow,ahadlow9o@zimbio.com,192-603-2403,4,2
350,Rustin,Horwell,rhorwell9p@earthlink.net,237-156-5935,687,7
351,Ofelia,Langman,olangman9q@shareasale.com,395-332-4189,721,3
352,Ogden,Doylend,odoylend9r@moonfruit.com,406-735-2046,48,2
353,Christen,Tadgell,ctadgell9s@abc.net.au,803-336-8480,14,2
354,Rube,Fenners,rfenners9t@bluehost.com,619-175-3721,143,4
355,Noni,Zannetti,nzannetti9u@csmonitor.com,971-733-9642,944,4
356,Terrel,Bohey,tbohey9v@domainmarket.com,681-703-6982,692,4
357,Myer,Leeke,mleeke9w@liveinternet.ru,887-665-1137,512,4
358,Weston,Menloe,wmenloe9x@eepurl.com,725-764-0675,909,7
359,Clarence,Branche,cbranche9y@gov.uk,753-634-0491,54,7
360,Maressa,Kayley,mkayley9z@yellowbook.com,361-393-2154,943,3
361,Johnna,Borris,jborrisa0@51.la,149-238-5442,213,2
362,Kipp,Yitzovicz,kyitzovicza1@whitehouse.gov,976-220-5010,400,1
363,Willi,Audritt,waudritta2@indiatimes.com,428-819-5958,706,2
364,Hana,Mattheis,hmattheisa3@kickstarter.com,397-908-6716,8,1
365,Marietta,Huckin,mhuckina4@mac.com,297-689-3607,675,1
366,Carlin,Balm,cbalma5@icq.com,909-587-1390,570,4
367,Joceline,Leyden,jleydena6@ycombinator.com,890-598-1006,469,5
368,Oralla,Hazle,ohazlea7@netlog.com,227-356-8900,129,6
369,Saxe,Dix,sdixa8@dot.gov,768-428-7533,746,3
370,Udale,Batchan,ubatchana9@spiegel.de,164-429-5078,940,7
371,Ellsworth,Crickmoor,ecrickmooraa@google.co.uk,750-735-3542,1000,7
372,Libbey,Hallihane,lhallihaneab@angelfire.com,435-910-2605,617,5
373,Corissa,McCloud,cmccloudac@nhs.uk,941-581-3052,593,3
374,Archambault,Boddymead,aboddymeadad@bluehost.com,483-679-9294,366,5
375,Mollee,Abbado,mabbadoae@booking.com,831-452-8788,251,6
376,Cecilla,Blogg,cbloggaf@apple.com,192-847-7992,853,7
377,Jorie,Costigan,jcostiganag@telegraph.co.uk,220-540-3280,894,4
378,Laural,Shawdforth,lshawdforthah@nyu.edu,859-136-6759,642,1
379,Ashley,Gamble,agambleai@google.pl,185-804-5210,107,7
380,Billy,Filshin,bfilshinaj@engadget.com,923-981-7050,655,5
381,Waldon,MacGoun,wmacgounak@over-blog.com,977-297-9713,523,6
382,Holmes,Stirland,hstirlandal@timesonline.co.uk,512-100-4721,169,3
383,Babette,Auld,bauldam@xrea.com,454-943-5314,651,6
384,Bart,Bamell,bbamellan@printfriendly.com,502-416-1576,203,1
385,Francisca,Berisford,fberisfordao@bloglines.com,266-396-3177,298,1
386,Gilemette,Kimber,gkimberap@unblog.fr,825-581-7842,831,2
387,Gabey,Sponton,gspontonaq@woothemes.com,954-880-8938,983,7
388,Susanna,Mattys,smattysar@cdbaby.com,711-817-5581,118,3
389,L;urette,Bourdice,lbourdiceas@canalblog.com,572-170-5569,718,3
390,Nataniel,Vanin,nvaninat@scribd.com,621-491-1113,131,5
391,Dulcea,Butland,dbutlandau@msn.com,958-197-7826,271,4
392,Dierdre,Livezley,dlivezleyav@icq.com,379-588-9841,645,6
393,Krishnah,Walcot,kwalcotaw@twitpic.com,385-666-8386,853,3
394,Dale,Hizir,dhizirax@deviantart.com,782-340-3985,130,3
395,Lydia,Odo,lodoay@squarespace.com,209-575-9767,405,7
396,Cleveland,Algeo,calgeoaz@engadget.com,963-745-8216,661,1
397,Ali,Baise,abaiseb0@about.me,321-815-7878,741,4
398,Aldridge,Huckleby,ahucklebyb1@alexa.com,808-648-4063,456,3
399,Sayer,Spurman,sspurmanb2@pagesperso-orange.fr,141-655-8243,614,5
400,Tobit,Coule,tcouleb3@freewebs.com,478-873-3657,693,2
401,Rennie,Labb,rlabbb4@yolasite.com,994-255-7567,244,5
402,Marijo,Manjot,mmanjotb5@guardian.co.uk,435-563-2459,20,2
403,Arvin,Puckrin,apuckrinb6@discuz.net,989-903-5988,613,6
404,Rennie,Swigg,rswiggb7@pcworld.com,527-571-4915,12,1
405,Raphael,Jewks,rjewksb8@friendfeed.com,346-526-5136,994,4
406,Aviva,Broker,abrokerb9@blogtalkradio.com,556-502-6180,43,7
407,Anabella,Jeannet,ajeannetba@g.co,919-231-2713,603,6
408,Diana,Worboys,dworboysbb@washingtonpost.com,686-907-1002,951,2
409,Starla,Broomhall,sbroomhallbc@tiny.cc,312-855-7274,717,7
410,Avrom,Sheddan,asheddanbd@state.gov,821-951-8765,533,2
411,Diane,Duplock,dduplockbe@ed.gov,512-387-5122,194,4
412,Kareem,Greenman,kgreenmanbf@newsvine.com,264-889-7938,168,2
413,Leena,Wadeson,lwadesonbg@mayoclinic.com,407-862-9330,137,4
414,Jacenta,Leon,jleonbh@craigslist.org,163-834-3922,897,6
415,Jo,Meneely,jmeneelybi@stumbleupon.com,615-201-6341,741,4
416,Nicol,Carrel,ncarrelbj@plala.or.jp,562-577-3214,666,6
417,Tiphany,Beckwith,tbeckwithbk@google.es,505-308-9364,168,3
418,Ansell,Pavelin,apavelinbl@topsy.com,523-644-5169,101,6
419,Darryl,Siberry,dsiberrybm@netscape.com,642-681-7554,616,4
420,Cordelie,Ranscome,cranscomebn@examiner.com,847-681-3688,290,6
421,Jorge,Curzon,jcurzonbo@sohu.com,546-290-5194,642,5
422,Deborah,Tuft,dtuftbp@theatlantic.com,578-914-4282,823,1
423,Elianore,Auchterlony,eauchterlonybq@paypal.com,621-540-0962,300,6
424,Quillan,Bradder,qbradderbr@prnewswire.com,439-420-1988,694,4
425,Louisette,Glison,lglisonbs@addtoany.com,864-271-3517,796,4
426,Collete,Bovingdon,cbovingdonbt@tamu.edu,272-551-6054,556,4
427,Lazar,Havesides,lhavesidesbu@netvibes.com,921-314-1761,810,4
428,Gillan,Goodbanne,ggoodbannebv@example.com,892-467-5623,690,3
429,Cathi,Gwilym,cgwilymbw@google.ca,443-100-0607,307,7
430,Shelley,Blaxter,sblaxterbx@shutterfly.com,383-740-8479,853,5
431,Markus,Golden,mgoldenby@eventbrite.com,291-751-4587,883,4
432,Neddie,Cunnell,ncunnellbz@gnu.org,411-909-9431,795,7
433,Coralie,Tabrett,ctabrettc0@statcounter.com,555-248-6701,380,7
434,Carmencita,Elmer,celmerc1@engadget.com,578-562-4673,1000,1
435,Delmer,Scougall,dscougallc2@blogtalkradio.com,973-426-2832,215,5
436,Molly,Ould,mouldc3@plala.or.jp,422-666-8075,644,2
437,Gradey,Kollatsch,gkollatschc4@jalbum.net,377-214-3390,611,1
438,Con,Prebble,cprebblec5@i2i.jp,646-881-6707,713,7
439,Lev,Zuker,lzukerc6@pagesperso-orange.fr,625-539-9201,498,2
440,Vasili,Peat,vpeatc7@fda.gov,473-943-1299,625,4
441,Mallorie,Sharvill,msharvillc8@moonfruit.com,541-438-4525,456,2
442,Carry,Grigolon,cgrigolonc9@wikispaces.com,513-433-4839,905,6
443,Whitaker,Glide,wglideca@elegantthemes.com,756-648-6909,170,2
444,Charo,Gullefant,cgullefantcb@apache.org,505-946-2777,978,1
445,Leif,Wadforth,lwadforthcc@netvibes.com,189-139-9052,283,3
446,Evyn,Meredith,emeredithcd@un.org,562-648-9916,260,5
447,Wenona,Bewicke,wbewickece@google.com.hk,393-770-8415,645,5
448,Daffi,Ealden,dealdencf@list-manage.com,561-587-4105,435,3
449,Abby,Winscomb,awinscombcg@istockphoto.com,132-898-1381,632,2
450,Danika,Local,dlocalch@cdbaby.com,404-480-5772,322,1
451,Bank,Banghe,bbangheci@huffingtonpost.com,891-906-5825,645,3
452,Nikki,Barham,nbarhamcj@sourceforge.net,713-378-5195,427,3
453,Lynnell,Bowld,lbowldck@opera.com,471-757-1931,296,6
454,Norris,Wannell,nwannellcl@shareasale.com,343-584-2936,900,3
455,Minnaminnie,Blockley,mblockleycm@washington.edu,641-626-1264,308,2
456,Giulio,Dyet,gdyetcn@eventbrite.com,604-815-2261,579,3
457,Brendan,Dobrovolny,bdobrovolnyco@gravatar.com,353-174-0952,741,4
458,Benn,Jones,bjonescp@umich.edu,154-156-3505,719,5
459,Saidee,Bonds,sbondscq@exblog.jp,765-965-2502,4,6
460,Lorrie,Browncey,lbrownceycr@meetup.com,806-662-6179,609,5
461,Martelle,Wetherell,mwetherellcs@answers.com,800-385-5744,888,6
462,Maggi,Kowalski,mkowalskict@wufoo.com,643-947-8628,313,7
463,Lindi,Havers,lhaverscu@mozilla.com,287-709-8167,450,6
464,Sharla,Spitell,sspitellcv@webmd.com,914-337-1668,832,1
465,Cecile,Botcherby,cbotcherbycw@technorati.com,716-514-2639,913,3
466,Loy,McGrayle,lmcgraylecx@usgs.gov,574-251-3841,87,3
467,Germain,Spreag,gspreagcy@example.com,805-763-5136,892,6
468,Whitney,Thunnercliff,wthunnercliffcz@microsoft.com,222-119-2341,200,5
469,Stirling,Pibsworth,spibsworthd0@typepad.com,818-216-9103,233,4
470,Perkin,Gemmill,pgemmilld1@networksolutions.com,729-243-1598,62,3
471,Allayne,Kell,akelld2@unc.edu,963-484-3755,621,1
472,Kennan,Harwell,kharwelld3@seattletimes.com,983-669-5116,797,5
473,Babara,Lauret,blauretd4@goo.gl,662-644-8362,212,5
474,Abbye,Pothbury,apothburyd5@google.pl,447-509-8432,947,7
475,Cordy,Ellesworth,cellesworthd6@ow.ly,415-731-5147,140,1
476,Waverley,Carbett,wcarbettd7@dmoz.org,120-325-8930,345,3
477,Karissa,Wisham,kwishamd8@sitemeter.com,978-934-8949,753,4
478,Shay,Fletcher,sfletcherd9@1und1.de,525-425-6737,68,3
479,Samuel,Dix,sdixda@zdnet.com,724-861-9212,592,1
480,Olivie,Drakes,odrakesdb@reference.com,546-186-1231,142,3
481,Lukas,Domeney,ldomeneydc@europa.eu,905-324-2879,394,5
482,Wylie,Boocock,wboocockdd@dedecms.com,788-515-5519,485,7
483,Lionello,Donke,ldonkede@cam.ac.uk,888-266-1518,250,2
484,Jedediah,Day,jdaydf@nydailynews.com,900-140-1606,244,1
485,Hyatt,Comport,hcomportdg@dailymail.co.uk,754-124-7722,579,2
486,Casar,Unwins,cunwinsdh@mozilla.com,735-160-1838,828,6
487,Millard,Huntington,mhuntingtondi@ftc.gov,456-843-2181,560,7
488,Jeffy,Simmig,jsimmigdj@phoca.cz,646-314-1854,16,5
489,Wilhelm,Mesias,wmesiasdk@ezinearticles.com,650-531-4384,783,1
490,Ave,Connal,aconnaldl@cpanel.net,498-602-9747,577,4
491,Cull,Massingberd,cmassingberddm@newsvine.com,807-415-8342,784,2
492,Valentijn,Rosenboim,vrosenboimdn@vistaprint.com,760-581-5837,989,6
493,Rudolf,Estoile,restoiledo@php.net,686-698-8692,319,7
494,Murray,Frisby,mfrisbydp@discovery.com,196-100-9998,230,6
495,Eadmund,Heyfield,eheyfielddq@dion.ne.jp,364-637-7072,249,5
496,Jenelle,Hastelow,jhastelowdr@reddit.com,714-405-9039,791,6
497,Marje,Netherclift,mnethercliftds@google.cn,620-585-4519,493,6
498,Giustina,Gregoriou,ggregorioudt@google.nl,464-638-6446,226,5
499,Tomas,Bannister,tbannisterdu@prnewswire.com,332-733-0866,88,3
500,Wyatt,Darrigone,wdarrigonedv@freewebs.com,679-492-6712,918,4
501,Waylin,Levick,wlevickdw@cnet.com,287-353-5711,219,5
502,Kile,Jacques,kjacquesdx@bbc.co.uk,173-189-0821,594,3
503,Horatio,Maskelyne,hmaskelynedy@washington.edu,243-938-0304,683,6
504,Jo ann,Cockayne,jcockaynedz@bloomberg.com,551-188-5765,307,6
505,Marleen,Gregol,mgregole0@addthis.com,635-118-1323,647,7
506,Wade,Lorentzen,wlorentzene1@howstuffworks.com,956-680-7564,232,6
507,Rosalia,Poletto,rpolettoe2@google.cn,379-226-0776,347,6
508,Sonnie,Buckbee,sbuckbeee3@tripadvisor.com,178-393-3946,304,3
509,Rodge,McAdam,rmcadame4@gravatar.com,561-213-4414,380,7
510,Johanna,Rooper,jroopere5@fda.gov,529-291-2079,338,7
511,Edin,Aspole,easpolee6@globo.com,142-303-1294,642,6
512,Merry,Blomefield,mblomefielde7@elpais.com,237-727-1804,429,4
513,Abeu,Panniers,apannierse8@answers.com,127-150-1414,979,6
514,Lonny,Satterly,lsatterlye9@icq.com,555-321-8783,193,5
515,Patin,Rotte,protteea@4shared.com,577-563-0552,207,4
516,Rufus,Wardley,rwardleyeb@sbwire.com,843-234-7085,40,1
517,Theresina,Costell,tcostellec@who.int,605-465-4145,123,1
518,Orlando,Bargh,obarghed@whitehouse.gov,330-870-9009,644,4
519,Emmalee,Powelee,epoweleeee@google.com.hk,448-871-5151,314,7
520,Sherill,Bonner,sbonneref@lycos.com,228-416-9750,706,6
521,Hilly,Uc,huceg@soup.io,203-829-8705,363,7
522,Gwenny,Cricket,gcricketeh@oakley.com,565-822-6972,111,6
523,Ivett,Coppard,icoppardei@washington.edu,193-581-8582,639,1
524,Waylen,Lakeman,wlakemanej@youku.com,771-686-1223,279,4
525,Andrus,Silverstone,asilverstoneek@biglobe.ne.jp,318-399-2591,330,1
526,Tyler,Lurner,tlurnerel@merriam-webster.com,492-167-8931,777,2
527,Jonah,Mintrim,jmintrimem@people.com.cn,488-622-6272,728,6
528,Kathi,Showler,kshowleren@cbsnews.com,928-301-3014,489,6
529,Vally,Adshed,vadshedeo@mashable.com,230-738-5397,703,7
530,Hailey,Dalwood,hdalwoodep@people.com.cn,657-672-1951,16,1
531,Costa,Rimour,crimoureq@dropbox.com,370-364-8767,566,2
532,Frederica,Giacometti,fgiacomettier@usgs.gov,514-808-8581,130,3
533,Avivah,Carus,acaruses@virginia.edu,412-293-7025,178,1
534,Angel,Cristofanini,acristofaniniet@youku.com,187-334-4659,863,5
535,Taryn,Stutely,tstutelyeu@exblog.jp,625-428-6310,233,2
536,Belle,Cicullo,bciculloev@goo.ne.jp,262-641-9817,76,6
537,Siobhan,Lingner,slingnerew@economist.com,973-984-6145,913,1
538,Sanford,King,skingex@flickr.com,221-551-0052,296,7
539,Adoree,Philpot,aphilpotey@xing.com,306-727-6767,445,4
540,Marice,Fernant,mfernantez@cocolog-nifty.com,683-113-5994,261,7
541,Perren,Pontin,ppontinf0@webnode.com,332-638-9235,601,2
542,Shelby,Sinfield,ssinfieldf1@gmpg.org,395-270-2605,660,1
543,Norene,Zima,nzimaf2@washingtonpost.com,969-222-6288,59,1
544,Ronnie,O'Lehane,rolehanef3@opera.com,985-170-2785,60,1
545,Ethe,Tomlett,etomlettf4@about.com,314-242-2357,394,5
546,Jewell,Ebanks,jebanksf5@pagesperso-orange.fr,399-367-9166,422,3
547,Allan,Amos,aamosf6@bloglovin.com,758-501-8318,470,6
548,Weider,Fellgett,wfellgettf7@intel.com,491-856-5300,641,1
549,Felic,Galland,fgallandf8@qq.com,826-746-1613,617,2
550,Arda,Reinhart,areinhartf9@desdev.cn,758-260-0976,588,6
551,Marlo,Clashe,mclashefa@boston.com,930-315-5424,716,5
552,Sauncho,Batkin,sbatkinfb@ftc.gov,933-479-9788,896,6
553,Lisle,Marikhin,lmarikhinfc@photobucket.com,604-348-0699,891,4
554,Lauraine,Lamperti,llampertifd@ehow.com,468-672-8850,651,6
555,Demetre,Hynes,dhynesfe@t.co,857-565-9489,761,3
556,Magda,Farlane,mfarlaneff@webs.com,648-736-0234,226,5
557,Willetta,Dumbar,wdumbarfg@loc.gov,307-409-3651,917,6
558,Jody,Tryme,jtrymefh@plala.or.jp,245-328-0675,978,1
559,Kimball,Kampshell,kkampshellfi@home.pl,772-310-6666,949,2
560,Rani,Ansty,ranstyfj@eventbrite.com,776-436-4968,358,5
561,Britt,Riggert,briggertfk@etsy.com,201-464-4336,306,5
562,Putnem,Dickins,pdickinsfl@ehow.com,985-552-3175,398,2
563,Blake,Whitter,bwhitterfm@biglobe.ne.jp,430-147-1067,309,4
564,Eugine,Grzes,egrzesfn@blogtalkradio.com,320-937-8357,194,4
565,Paulina,Kett,pkettfo@mayoclinic.com,354-478-6145,208,1
566,Jessie,Broy,jbroyfp@wikia.com,881-526-1453,608,7
567,Ambrosio,Dametti,adamettifq@newsvine.com,420-842-1025,406,5
568,Anallese,Drinkhall,adrinkhallfr@theguardian.com,945-916-7492,766,7
569,Esdras,Wilkowski,ewilkowskifs@examiner.com,658-257-0021,657,4
570,Far,Gething,fgethingft@symantec.com,436-127-4357,721,6
571,Brunhilde,Calafate,bcalafatefu@networkadvertising.org,796-602-4005,887,1
572,Ashlee,Ranstead,aransteadfv@4shared.com,869-838-2576,961,3
573,Fernande,Huggett,fhuggettfw@amazon.com,281-916-9251,56,2
574,Olimpia,Ravillas,oravillasfx@shinystat.com,477-868-2154,848,3
575,Jandy,Edge,jedgefy@bbb.org,951-527-7397,322,4
576,Pembroke,Tuxwell,ptuxwellfz@buzzfeed.com,270-166-2842,167,5
577,Dody,Grishagin,dgrishaging0@shop-pro.jp,261-120-9912,185,6
578,Tasia,Abotson,tabotsong1@github.io,289-964-1944,675,5
579,Milli,Ralfe,mralfeg2@facebook.com,876-498-0971,345,6
580,Carlie,Brastead,cbrasteadg3@cdc.gov,715-907-5398,48,4
581,June,Gentil,jgentilg4@youku.com,667-893-2438,98,2
582,Josefina,Faro,jfarog5@msu.edu,810-978-5884,156,1
583,Bent,Chevin,bcheving6@ibm.com,439-549-3261,84,3
584,Modestine,Aylin,mayling7@fema.gov,236-367-7702,159,3
585,Loni,Branscombe,lbranscombeg8@cornell.edu,562-454-4051,866,6
586,Renata,Coghlin,rcoghling9@g.co,203-771-7404,625,1
587,Elmira,Gulland,egullandga@princeton.edu,864-792-2595,621,6
588,Carlye,Dawdry,cdawdrygb@163.com,862-297-3247,131,4
589,Gunilla,Sarvar,gsarvargc@mashable.com,618-185-4922,468,7
590,Jaclyn,Shee,jsheegd@etsy.com,692-781-2256,551,5
591,Antonella,Donizeau,adonizeauge@mlb.com,791-718-0344,665,5
592,Stevie,Packham,spackhamgf@flavors.me,874-672-5812,612,5
593,Skell,Graveston,sgravestongg@ezinearticles.com,627-479-3580,288,1
594,Ali,Isherwood,aisherwoodgh@adobe.com,110-434-6182,134,4
595,Benoit,Ferrao,bferraogi@mac.com,116-459-6530,354,6
596,Liliane,Langshaw,llangshawgj@blog.com,332-616-5477,284,4
597,Lynda,Borgnol,lborgnolgk@phpbb.com,103-258-4850,297,3
598,Jeno,Dudden,jduddengl@utexas.edu,278-779-0873,469,6
599,Madel,Pickerin,mpickeringm@pinterest.com,971-357-0422,130,1
600,Roland,Lynskey,rlynskeygn@google.ru,529-507-5264,155,6
601,Alain,Halleybone,ahalleybonego@wix.com,557-814-3283,368,2
602,Shayne,Patroni,spatronigp@accuweather.com,157-979-8564,957,3
603,Ashla,Lyokhin,alyokhingq@indiatimes.com,198-778-9191,200,6
604,Cary,Melbert,cmelbertgr@smh.com.au,626-796-3066,194,7
605,Ezra,Ferres,eferresgs@theguardian.com,223-210-7161,527,2
606,Lyell,Hanway,lhanwaygt@hc360.com,617-200-8589,275,3
607,Clio,McBean,cmcbeangu@washington.edu,405-564-3905,344,7
608,Alard,Readett,areadettgv@house.gov,310-543-3042,269,5
609,Fawne,McVee,fmcveegw@nbcnews.com,444-567-7399,60,6
610,Leeanne,Adamowicz,ladamowiczgx@spotify.com,467-542-1076,489,5
611,Cordell,Gueny,cguenygy@nhs.uk,141-201-8357,290,6
612,Germain,Balogh,gbaloghgz@slideshare.net,930-173-3140,253,1
613,Forrest,Sheavills,fsheavillsh0@uiuc.edu,507-605-1317,162,1
614,Theresita,Saller,tsallerh1@eventbrite.com,337-247-5727,732,2
615,Charmian,Fellow,cfellowh2@acquirethisname.com,319-100-1091,439,4
616,Osgood,Curnucke,ocurnuckeh3@wordpress.com,547-806-3794,847,4
617,Branden,Teasdale,bteasdaleh4@seattletimes.com,185-426-8562,899,4
618,Pearline,Brunelli,pbrunellih5@wired.com,976-315-1866,2,7
619,Barbara,Dorot,bdoroth6@yahoo.com,851-845-0997,799,3
620,Margarete,Abramowsky,mabramowskyh7@latimes.com,763-195-7224,823,4
621,Goldina,Fever,gfeverh8@mysql.com,409-174-0781,446,4
622,Michael,Leist,mleisth9@usnews.com,602-627-8707,690,7
623,Ulrica,Simla,usimlaha@berkeley.edu,188-220-8011,494,3
624,Grange,Brabant,gbrabanthb@mac.com,119-220-7030,120,4
625,Theodosia,Glanert,tglanerthc@mediafire.com,932-826-1718,662,1
626,Judith,Hamlett,jhamletthd@umn.edu,768-622-7323,915,4
627,Carmelina,Kayne,ckaynehe@eepurl.com,233-643-3504,549,2
628,Jourdan,Demcak,jdemcakhf@cafepress.com,468-663-3633,413,3
629,Jerrilee,Anmore,janmorehg@jigsy.com,586-590-4552,59,4
630,Sally,Goscar,sgoscarhh@smugmug.com,801-379-0338,492,3
631,Lodovico,Dalloway,ldallowayhi@latimes.com,572-286-5734,167,7
632,Agnola,Edland,aedlandhj@wsj.com,892-918-7752,608,4
633,Fremont,Labrenz,flabrenzhk@unesco.org,229-855-0058,334,4
634,Karry,Stillman,kstillmanhl@last.fm,733-108-0812,215,6
635,Kayne,Jeannaud,kjeannaudhm@samsung.com,981-122-6008,506,1
636,Tabb,Giacubo,tgiacubohn@nih.gov,755-524-3143,168,3
637,Allix,Beddon,abeddonho@aol.com,124-255-3999,346,7
638,Alexis,Hayball,ahayballhp@feedburner.com,320-771-8475,321,3
639,Jaimie,Vears,jvearshq@qq.com,907-970-9771,285,4
640,Corette,Crawley,ccrawleyhr@google.fr,320-766-5212,493,7
641,Addy,Allsobrook,aallsobrookhs@columbia.edu,778-579-7358,15,2
642,Gonzales,Pahlsson,gpahlssonht@barnesandnoble.com,657-371-8493,265,2
643,Laural,Picford,lpicfordhu@bluehost.com,564-257-1229,901,6
644,Nerte,Slowgrove,nslowgrovehv@reverbnation.com,321-533-2367,157,2
645,Sunshine,Todhunter,stodhunterhw@ibm.com,594-188-1907,952,1
646,Abbye,Goodding,agooddinghx@etsy.com,683-924-4072,828,2
647,Letti,Loeber,lloeberhy@forbes.com,201-440-5739,396,3
648,Von,Wickman,vwickmanhz@disqus.com,534-489-6118,416,5
649,Erik,Neighbour,eneighbouri0@gizmodo.com,890-507-0344,847,3
650,Feodora,Hullbrook,fhullbrooki1@usa.gov,643-841-1058,926,5
651,Hirsch,Darch,hdarchi2@businessweek.com,935-933-7624,869,3
652,Kat,Mann,kmanni3@rediff.com,293-724-6558,225,7
653,Eldin,Meese,emeesei4@sphinn.com,756-173-4045,795,6
654,Gayle,Ffrench,gffrenchi5@vimeo.com,631-867-2211,912,4
655,Nanette,Paulmann,npaulmanni6@newyorker.com,999-543-4328,755,3
656,Devy,Lohmeyer,dlohmeyeri7@amazon.com,658-873-9174,44,5
657,Robby,Plumtree,rplumtreei8@is.gd,361-572-7709,683,6
658,Melina,Hartgill,mhartgilli9@cdc.gov,600-666-0720,879,4
659,Keely,Tranmer,ktranmeria@admin.ch,323-728-3097,642,7
660,Thea,Gregorio,tgregorioib@google.co.uk,717-260-6982,288,6
661,Jillana,Adolthine,jadolthineic@jimdo.com,442-563-4372,523,5
662,Feodor,L'Archer,flarcherid@usatoday.com,865-368-7135,101,7
663,Mickie,Petts,mpettsie@toplist.cz,759-268-5181,869,7
664,Loutitia,Pickford,lpickfordif@google.com.au,774-692-1783,793,6
665,Joela,Battershall,jbattershallig@webnode.com,870-970-6167,480,7
666,Cassondra,Cutmere,ccutmereih@fema.gov,780-703-1232,869,4
667,Darrick,Puddin,dpuddinii@infoseek.co.jp,694-143-5526,107,3
668,Annette,Pateman,apatemanij@japanpost.jp,587-174-3528,741,4
669,Baird,Heijne,bheijneik@unesco.org,903-102-9141,672,7
670,Michelina,Lunny,mlunnyil@webnode.com,244-335-6890,765,4
671,Claus,Harradine,charradineim@japanpost.jp,648-931-6191,110,5
672,Veronica,Rouge,vrougein@usnews.com,757-399-9061,673,5
673,Colin,Ledur,cledurio@360.cn,764-168-2366,79,6
674,Marijo,Tancock,mtancockip@yelp.com,820-802-1726,478,6
675,Chadd,Pedrazzi,cpedrazziiq@nydailynews.com,506-446-4562,487,4
676,Tierney,Carrell,tcarrellir@latimes.com,910-587-1234,431,2
677,Thalia,Loren,tlorenis@cisco.com,610-134-5666,436,2
678,Cordie,Rozec,crozecit@latimes.com,315-620-2413,879,6
679,Lorry,Geist,lgeistiu@macromedia.com,791-219-1548,355,5
680,Kerri,Dupoy,kdupoyiv@miibeian.gov.cn,277-673-4291,976,1
681,Jess,Loche,jlocheiw@goodreads.com,339-261-7225,311,4
682,Darcie,Lovell,dlovellix@behance.net,301-569-8784,793,2
683,Marvin,Lacrouts,mlacroutsiy@nydailynews.com,489-594-5867,455,2
684,Richmond,Carrett,rcarrettiz@yellowbook.com,814-685-8714,141,4
685,Sasha,Josefovic,sjosefovicj0@cyberchimps.com,793-313-6139,402,3
686,Opaline,Gurnett,ogurnettj1@wikia.com,671-617-5188,965,1
687,Xavier,Almond,xalmondj2@bluehost.com,763-564-2933,87,6
688,Gaven,Auger,gaugerj3@wikimedia.org,467-970-8688,82,3
689,Roslyn,McKinley,rmckinleyj4@ftc.gov,610-547-3428,195,1
690,Kissiah,Penni,kpennij5@webmd.com,125-698-9802,96,4
691,Phillip,Koeppke,pkoeppkej6@salon.com,178-707-3551,422,1
692,Aura,Piris,apirisj7@latimes.com,156-558-4412,693,7
693,Sheffy,Hardeman,shardemanj8@biblegateway.com,117-868-4924,544,3
694,Bobby,Banasevich,bbanasevichj9@wikia.com,256-376-3382,338,4
695,Sibbie,Batman,sbatmanja@booking.com,539-167-5781,445,5
696,Elwyn,Dymocke,edymockejb@uol.com.br,788-267-3402,185,5
697,Mohandis,Witherby,mwitherbyjc@topsy.com,395-382-3716,721,6
698,Imogen,MacGhee,imacgheejd@squidoo.com,754-324-8467,104,1
699,Kameko,Esposita,kespositaje@com.com,818-689-5178,462,6
700,Devondra,Cofax,dcofaxjf@cisco.com,715-497-1832,759,7
701,Kassi,Bremmell,kbremmelljg@noaa.gov,716-996-3970,123,3
702,Lilllie,Abyss,labyssjh@umn.edu,584-751-9814,538,3
703,Annora,Chalcot,achalcotji@berkeley.edu,184-333-8318,760,6
704,Rachele,Roggero,rroggerojj@miibeian.gov.cn,892-684-0153,619,7
705,Revkah,Lardge,rlardgejk@cnet.com,622-672-9326,15,6
706,Roselia,Weatherell,rweatherelljl@microsoft.com,930-164-0252,705,1
707,Eleanor,Huot,ehuotjm@psu.edu,940-518-8404,472,6
708,Noelle,Andrys,nandrysjn@prnewswire.com,486-181-7636,412,2
709,Zarla,Bendon,zbendonjo@ehow.com,887-468-2991,129,1
710,Dani,Menaul,dmenauljp@aboutads.info,750-350-9910,315,4
711,Griffy,Cookney,gcookneyjq@privacy.gov.au,764-935-1875,38,5
712,Jobina,Braunle,jbraunlejr@java.com,869-835-1477,872,3
713,Dorian,Filppetti,dfilppettijs@arstechnica.com,318-823-2102,476,3
714,Brand,Stiggers,bstiggersjt@vimeo.com,890-432-2117,177,1
715,Hubie,Ollie,hollieju@opensource.org,198-752-6751,805,2
716,Tallulah,Olczak,tolczakjv@digg.com,390-795-4681,971,3
717,Adelbert,Warricker,awarrickerjw@webnode.com,364-135-6454,893,4
718,Padraic,Lovart,plovartjx@purevolume.com,803-805-2713,332,1
719,Louella,Bayley,lbayleyjy@bravesites.com,801-582-2841,418,1
720,Myriam,Burnel,mburneljz@stumbleupon.com,240-702-0526,796,1
721,Massimiliano,Atcock,matcockk0@europa.eu,192-539-4362,227,2
722,Orton,Grogono,ogrogonok1@businessweek.com,235-454-1294,322,7
723,Nita,Brandacci,nbrandaccik2@so-net.ne.jp,890-877-6633,910,6
724,Doretta,Limpertz,dlimpertzk3@wisc.edu,432-540-8795,905,3
725,Rea,Blampey,rblampeyk4@webnode.com,776-887-5313,442,1
726,Munmro,Calton,mcaltonk5@statcounter.com,460-314-5954,54,6
727,Harlin,Caldera,hcalderak6@ted.com,262-779-5109,406,6
728,Jackie,Mazdon,jmazdonk7@tinyurl.com,358-932-5303,89,2
729,Rick,Spellesy,rspellesyk8@cyberchimps.com,701-253-7847,812,7
730,Pattie,Antoons,pantoonsk9@japanpost.jp,761-354-9669,487,2
731,Niccolo,Lesly,nleslyka@time.com,404-861-6536,578,6
732,Shaylah,Kemetz,skemetzkb@pcworld.com,491-520-6917,616,7
733,Homer,Ervine,hervinekc@uol.com.br,949-313-3676,537,5
734,Thorin,Barbe,tbarbekd@va.gov,915-746-3967,654,6
735,Minny,Huyge,mhuygeke@goo.gl,229-370-1079,874,3
736,Rick,Sighard,rsighardkf@pcworld.com,310-970-0293,774,2
737,Caro,Langran,clangrankg@sphinn.com,161-796-5501,161,2
738,Jammal,Evamy,jevamykh@bizjournals.com,172-514-9138,650,6
739,Dinny,Veelers,dveelerski@reference.com,350-732-1876,982,7
740,Aprilette,Bugdall,abugdallkj@tinyurl.com,295-964-7254,42,3
741,Pierette,Robez,probezkk@hao123.com,332-892-4890,647,5
742,Allison,Mushett,amushettkl@bing.com,286-170-1621,588,6
743,Tate,Seleway,tselewaykm@addtoany.com,779-866-7792,862,1
744,Blondelle,Putton,bputtonkn@rakuten.co.jp,194-210-5019,353,3
745,Gail,Aldham,galdhamko@over-blog.com,405-297-2750,688,5
746,Cahra,Lyfe,clyfekp@google.de,390-921-7585,842,7
747,Roxane,Paute,rpautekq@netscape.com,214-714-5891,209,6
748,Kelley,Lapish,klapishkr@nyu.edu,585-903-8712,214,7
749,Bathsheba,Matyasik,bmatyasikks@mapquest.com,800-720-8807,609,1
750,Clari,Orhtmann,corhtmannkt@indiatimes.com,278-263-3840,388,4
751,Dwayne,Afonso,dafonsoku@storify.com,839-524-0434,887,3
752,Mechelle,Streight,mstreightkv@people.com.cn,246-947-7267,165,7
753,Beverie,Duckworth,bduckworthkw@freewebs.com,447-520-7100,243,3
754,Nelly,Peck,npeckkx@yellowbook.com,787-979-4492,47,4
755,Diarmid,Nolleth,dnollethky@cnbc.com,237-833-5787,917,7
756,Constanta,Coppins,ccoppinskz@zdnet.com,349-452-1016,878,3
757,Harp,McAlroy,hmcalroyl0@sciencedaily.com,816-944-0942,334,3
758,Joane,Franck,jfranckl1@wikimedia.org,528-392-0993,931,3
759,Bent,Fenkel,bfenkell2@friendfeed.com,135-219-1197,490,1
760,Dino,Gelder,dgelderl3@example.com,152-180-7065,977,6
761,Marthena,Weymont,mweymontl4@domainmarket.com,305-954-4083,58,2
762,Elianore,Ongin,eonginl5@narod.ru,765-894-5871,475,1
763,Beltran,Brokenbrow,bbrokenbrowl6@house.gov,735-622-4128,372,6
764,Dore,Dirr,ddirrl7@creativecommons.org,859-269-1639,949,6
765,Crysta,Middlemist,cmiddlemistl8@chicagotribune.com,424-758-5560,535,7
766,Conchita,Sambells,csambellsl9@devhub.com,154-820-6687,353,6
767,Wolfy,Scocroft,wscocroftla@diigo.com,798-360-6825,212,3
768,Marwin,Mercik,mmerciklb@youku.com,210-288-9854,220,5
769,Marius,Buckley,mbuckleylc@tinypic.com,323-361-9647,169,6
770,Katine,Golagley,kgolagleyld@dyndns.org,323-328-0433,63,5
771,Ebony,Heinemann,eheinemannle@noaa.gov,439-867-9123,431,6
772,Sapphira,Hucknall,shucknalllf@surveymonkey.com,194-246-3296,334,4
773,Tymothy,Valentinetti,tvalentinettilg@japanpost.jp,292-222-6789,729,4
774,Larissa,Rose,lroselh@mapy.cz,895-375-0872,967,7
775,Erminia,Cristofari,ecristofarili@mail.ru,960-102-2675,529,2
776,Cristina,Falks,cfalkslj@ifeng.com,891-488-5325,302,4
777,Spence,Nangle,snanglelk@theglobeandmail.com,919-463-9230,2,3
778,Nolan,Kleinmann,nkleinmannll@ucoz.ru,936-993-3219,810,7
779,Rosita,Huot,rhuotlm@gravatar.com,648-925-8233,484,4
780,Elysia,Starford,estarfordln@netvibes.com,169-564-1607,209,6
781,Bone,Paddie,bpaddielo@comcast.net,895-685-7801,196,5
782,Julie,Spooner,jspoonerlp@yellowbook.com,298-852-9321,122,4
783,Justen,Lapere,jlaperelq@drupal.org,184-240-1577,163,4
784,Palm,Docker,pdockerlr@drupal.org,566-960-1595,755,1
785,Katharyn,Disbrow,kdisbrowls@state.tx.us,804-385-2387,380,2
786,Adey,Danbury,adanburylt@alexa.com,140-476-2133,550,7
787,Derwin,Dubose,dduboselu@twitter.com,624-578-6255,920,5
788,Christie,Brunotti,cbrunottilv@discuz.net,617-547-4696,780,6
789,Olenolin,Saenz,osaenzlw@scientificamerican.com,348-107-6053,85,2
790,Radcliffe,Inchcomb,rinchcomblx@w3.org,706-459-7035,532,2
791,Em,Ivanyushkin,eivanyushkinly@ovh.net,816-555-8683,179,1
792,Alisha,Hadley,ahadleylz@go.com,750-255-6771,53,5
793,Flori,Ryson,frysonm0@constantcontact.com,716-549-1627,287,1
794,Mufinella,Blaske,mblaskem1@ox.ac.uk,589-143-4549,904,5
795,Sheelagh,Mattielli,smattiellim2@ibm.com,680-761-3916,496,3
796,Fern,Foote,ffootem3@parallels.com,748-682-7596,730,5
797,Cece,Gallo,cgallom4@tinypic.com,571-796-4713,564,4
798,Hunfredo,Pancoast,hpancoastm5@vinaora.com,261-798-6600,331,3
799,Riane,Vasenkov,rvasenkovm6@prweb.com,381-406-4146,350,1
800,Armstrong,Fullylove,afullylovem7@omniture.com,497-924-4200,651,2
801,Carmine,Camus,ccamusm8@bigcartel.com,997-958-8632,53,2
802,Consuelo,Logue,cloguem9@spiegel.de,923-217-3137,678,1
803,Rodolfo,Bradford,rbradfordma@webnode.com,748-354-3390,699,3
804,Trix,Elson,telsonmb@multiply.com,383-384-5516,639,1
805,Yasmeen,Sawrey,ysawreymc@techcrunch.com,220-566-8060,439,5
806,Pierre,de Clerk,pdeclerkmd@jigsy.com,675-425-8613,298,4
807,Kalvin,Cottom,kcottomme@apple.com,439-451-1710,99,1
808,Kiley,Krale,kkralemf@ameblo.jp,804-877-9309,504,4
809,Berte,Deeprose,bdeeprosemg@arizona.edu,905-558-7881,625,5
810,Willetta,Mocker,wmockermh@wikipedia.org,122-243-7020,877,3
811,Jackie,Ible,jiblemi@paypal.com,566-676-5093,39,1
812,Stanislas,Pyburn,spyburnmj@examiner.com,292-754-4537,22,3
813,Clarine,Hallsworth,challsworthmk@weibo.com,591-925-5443,57,7
814,Jerrold,Boneham,jbonehamml@1688.com,839-286-9650,308,5
815,Brnaba,Drescher,bdreschermm@liveinternet.ru,107-696-2907,87,1
816,Tommie,Giraux,tgirauxmn@phpbb.com,725-734-1174,422,5
817,Valdemar,Lukasik,vlukasikmo@flavors.me,274-387-5128,87,3
818,Roxie,Stibbs,rstibbsmp@imageshack.us,322-703-9610,382,2
819,Dani,O'Leary,dolearymq@nature.com,673-380-9822,757,3
820,Meade,Ricardot,mricardotmr@forbes.com,840-296-8797,681,5
821,Donnie,Sendley,dsendleyms@fc2.com,628-179-0980,158,7
822,Sheela,Mccaull,smccaullmt@harvard.edu,280-723-7696,96,5
823,Talya,Flieger,tfliegermu@sciencedaily.com,411-654-8843,287,5
824,Sanders,Keenlyside,skeenlysidemv@cisco.com,542-728-7229,471,2
825,Bidget,Tomasicchio,btomasicchiomw@rambler.ru,695-943-4666,487,6
826,Seana,Hacun,shacunmx@jugem.jp,257-840-3974,933,1
827,Lloyd,Kattenhorn,lkattenhornmy@addtoany.com,888-569-0055,288,3
828,Ichabod,Wakefield,iwakefieldmz@wired.com,365-819-4658,113,2
829,Christopher,Carlyon,ccarlyonn0@freewebs.com,394-448-9739,916,6
830,Roselia,Dangl,rdangln1@dagondesign.com,640-518-8981,418,4
831,Kip,Rowsell,krowselln2@unesco.org,447-222-2270,966,1
832,Michel,Yukhtin,myukhtinn3@dailymotion.com,563-891-6391,812,7
833,Oriana,Samet,osametn4@hhs.gov,134-768-0512,440,4
834,Myrah,Galliver,mgallivern5@deviantart.com,706-710-7380,109,3
835,Meryl,Willerson,mwillersonn6@trellian.com,358-129-9846,505,6
836,Reinwald,Marfe,rmarfen7@cdc.gov,254-154-0294,202,3
837,Elfie,Reggio,ereggion8@clickbank.net,899-972-9354,230,4
838,Tyrus,Gianolini,tgianolinin9@cnet.com,289-146-9419,285,2
839,Jacki,Mattam,jmattamna@loc.gov,456-511-4404,134,7
840,Nathalie,Hayer,nhayernb@facebook.com,156-730-0713,142,7
841,Joannes,Pridie,jpridienc@gov.uk,163-935-4216,673,6
842,Gloriane,Bennike,gbennikend@reference.com,142-922-4285,894,5
843,Steward,Basford,sbasfordne@cnn.com,140-259-3198,312,4
844,Shel,Coumbe,scoumbenf@uol.com.br,383-261-0486,811,3
845,Marika,Goldsmith,mgoldsmithng@comsenz.com,974-747-9586,344,2
846,Helenelizabeth,Mardee,hmardeenh@amazonaws.com,566-590-3238,344,2
847,Myrta,Birkby,mbirkbyni@ihg.com,373-605-0659,710,1
848,Edward,Tesseyman,etesseymannj@indiatimes.com,408-738-5357,65,7
849,Blinny,Drummond,bdrummondnk@dmoz.org,633-639-9403,79,5
850,Warner,Bastard,wbastardnl@state.tx.us,697-576-8403,38,3
851,Catha,Fillingham,cfillinghamnm@vinaora.com,173-418-9415,843,6
852,Hewett,Robertsson,hrobertssonnn@ftc.gov,123-852-0962,351,7
853,Novelia,Blakeway,nblakewayno@wufoo.com,657-170-0322,123,3
854,Lucinda,Niccols,lniccolsnp@sciencedaily.com,559-894-8518,23,4
855,Tansy,Darley,tdarleynq@dedecms.com,193-354-4202,664,5
856,Aundrea,Warne,awarnenr@yellowpages.com,984-272-8877,207,2
857,Kasey,Kornes,kkornesns@bloglovin.com,484-270-4708,751,4
858,Jody,Reid,jreidnt@gmpg.org,581-391-0828,93,5
859,Arlena,Andriessen,aandriessennu@acquirethisname.com,471-906-4116,818,2
860,Jo,Jans,jjansnv@amazon.co.jp,426-632-2039,709,2
861,Pavlov,Boman,pbomannw@zimbio.com,281-552-1384,266,5
862,Ario,Boxill,aboxillnx@behance.net,909-790-7700,184,2
863,Karlens,Horsey,khorseyny@un.org,819-607-9206,615,5
864,Cal,Georges,cgeorgesnz@feedburner.com,604-198-9563,976,1
865,Robin,Gledstane,rgledstaneo0@reverbnation.com,908-104-4937,387,7
866,Alanna,Povall,apovallo1@forbes.com,638-376-0192,694,3
867,Carey,Cady,ccadyo2@addtoany.com,185-134-6099,158,2
868,Cherilyn,Grimsdell,cgrimsdello3@google.com,787-354-1771,50,1
869,Crawford,Levens,clevenso4@exblog.jp,619-874-1502,500,4
870,Immanuel,McCluin,imccluino5@sohu.com,276-874-9386,521,4
871,Willow,Tiesman,wtiesmano6@sogou.com,625-480-2765,127,5
872,Shaylynn,Standbrooke,sstandbrookeo7@ox.ac.uk,325-691-1904,142,4
873,Ree,Hollingsbee,rhollingsbeeo8@youtu.be,592-142-6081,756,2
874,Alleen,Knotton,aknottono9@dot.gov,118-896-4065,875,7
875,Flem,Hallaways,fhallawaysoa@moonfruit.com,193-481-7697,443,3
876,Siward,Jachtym,sjachtymob@simplemachines.org,449-903-6271,640,4
877,Estella,MacNalley,emacnalleyoc@earthlink.net,524-110-7557,434,5
878,Derron,Somerfield,dsomerfieldod@yale.edu,201-764-6970,247,6
879,Dev,Skamal,dskamaloe@yellowbook.com,871-101-9208,888,3
880,Hillyer,Han,hhanof@dell.com,750-503-0675,760,7
881,Harriett,Livick,hlivickog@google.com,194-459-7659,761,1
882,Jacquelynn,Tibald,jtibaldoh@java.com,576-829-4554,385,6
883,Cyndia,Campling,ccamplingoi@accuweather.com,825-600-3169,364,2
884,Minny,Mignot,mmignotoj@shinystat.com,445-770-7752,990,5
885,Berti,Winslet,bwinsletok@squidoo.com,266-764-5278,864,5
886,Piper,Bethune,pbethuneol@linkedin.com,567-506-8056,224,1
887,Avrom,Grandison,agrandisonom@nasa.gov,659-872-9880,901,1
888,Maud,Possell,mpossellon@columbia.edu,902-522-9693,256,6
889,Novelia,Murrigan,nmurriganoo@usatoday.com,907-564-7094,754,7
890,Joyce,Langstaff,jlangstaffop@unicef.org,509-515-9086,923,5
891,Charo,Douthwaite,cdouthwaiteoq@google.es,397-109-2881,658,3
892,Dalston,Nicolls,dnicollsor@sciencedaily.com,349-630-7198,69,3
893,Catlee,Josofovitz,cjosofovitzos@abc.net.au,361-706-8103,537,5
894,Debor,Arnold,darnoldot@vistaprint.com,218-413-2115,355,4
895,Romona,Ellwood,rellwoodou@edublogs.org,242-787-5999,267,1
896,Sharyl,Pettican,spetticanov@europa.eu,753-628-8971,618,4
897,Ertha,Bartlett,ebartlettow@rediff.com,638-327-7101,347,6
898,Matt,Suddell,msuddellox@angelfire.com,548-500-5909,110,2
899,Fran,Carnachen,fcarnachenoy@merriam-webster.com,575-342-3869,40,6
900,Tadd,Boyington,tboyingtonoz@china.com.cn,371-617-0877,382,4
901,Sandro,Trueman,struemanp0@rambler.ru,962-825-7796,263,5
902,Krispin,Emerine,kemerinep1@topsy.com,345-139-0668,336,4
903,Saw,Seago,sseagop2@devhub.com,200-419-8489,901,7
904,Gonzalo,Aveline,gavelinep3@dailymail.co.uk,485-432-9455,67,2
905,Allister,Kitchingman,akitchingmanp4@trellian.com,750-465-2668,590,3
906,Whitman,Stiegers,wstiegersp5@ning.com,490-714-8734,514,7
907,Sheree,Tunstall,stunstallp6@webnode.com,932-220-9643,583,6
908,Reinald,Tooze,rtoozep7@thetimes.co.uk,712-803-1957,658,4
909,Borden,Huetson,bhuetsonp8@bigcartel.com,741-458-4124,673,1
910,Malorie,Fluger,mflugerp9@myspace.com,959-158-5709,249,3
911,Goraud,Rubenczyk,grubenczykpa@nature.com,822-100-7576,634,6
912,Helena,Adam,hadampb@ifeng.com,412-160-9880,374,7
913,Louis,Cronchey,lcroncheypc@hatena.ne.jp,903-893-1542,851,2
914,Sophey,Ivanov,sivanovpd@networksolutions.com,432-258-0714,363,7
915,Tod,Szymonowicz,tszymonowiczpe@merriam-webster.com,817-850-1332,914,7
916,Sallyanne,Atwater,satwaterpf@addthis.com,289-898-1245,572,2
917,Vania,Divell,vdivellpg@fastcompany.com,438-452-7011,643,4
918,Minny,Paynter,mpaynterph@altervista.org,855-572-2484,366,2
919,Jerrold,Schapero,jschaperopi@walmart.com,954-221-6024,550,1
920,Jesse,Roast,jroastpj@simplemachines.org,124-760-7105,476,1
921,Darren,Gilliatt,dgilliattpk@ovh.net,239-597-3659,788,3
922,Portie,Bengal,pbengalpl@flickr.com,658-553-1814,916,1
923,Jonathon,Rigmond,jrigmondpm@census.gov,949-786-3500,337,7
924,Ingamar,Rewcassell,irewcassellpn@xrea.com,275-445-3754,17,6
925,Nero,Zambonini,nzamboninipo@free.fr,102-563-4384,802,4
926,Dorolisa,Bortolini,dbortolinipp@squarespace.com,513-693-7017,347,7
927,Dell,Scawn,dscawnpq@yellowbook.com,733-678-9508,197,6
928,Averil,Culver,aculverpr@scientificamerican.com,958-963-5321,789,5
929,Ilsa,Kenealy,ikenealyps@dedecms.com,843-534-1658,116,4
930,Daron,Gorringe,dgorringept@drupal.org,877-997-4036,763,7
931,Anselm,Pechacek,apechacekpu@springer.com,953-646-2972,503,7
932,Bing,Lehrer,blehrerpv@blinklist.com,475-226-1620,613,5
933,Tildi,Gerrietz,tgerrietzpw@examiner.com,888-640-2019,391,2
934,Brina,Maple,bmaplepx@mapquest.com,101-953-5058,830,6
935,Alena,Griffoen,agriffoenpy@skype.com,854-970-3347,309,6
936,Nico,Whitehorn,nwhitehornpz@indiegogo.com,224-515-1048,976,2
937,Patrizio,Millery,pmilleryq0@technorati.com,260-573-9508,498,5
938,Marty,Scawn,mscawnq1@canalblog.com,175-656-8094,817,5
939,Emlynne,Reace,ereaceq2@google.com.br,323-762-7382,114,2
940,Jere,Heed,jheedq3@umn.edu,336-885-1248,56,2
941,Marena,Ruslin,mruslinq4@auda.org.au,610-661-1910,23,5
942,Ruddie,Skews,rskewsq5@google.de,681-144-9920,873,3
943,Margarette,Lavrinov,mlavrinovq6@geocities.com,588-258-0840,963,2
944,Fergus,Nelthorpe,fnelthorpeq7@nsw.gov.au,740-454-6164,196,5
945,Maurice,Hallgalley,mhallgalleyq8@php.net,642-766-0702,53,7
946,Raul,Ellin,rellinq9@meetup.com,517-452-1880,123,3
947,Piper,Wadge,pwadgeqa@msu.edu,824-630-2068,558,5
948,Jeth,Daud,jdaudqb@go.com,680-334-4328,865,6
949,Ruthy,Isacoff,risacoffqc@google.es,838-625-8794,681,6
950,Cristionna,Kippie,ckippieqd@cnet.com,822-515-2416,302,3
951,Nat,Stratford,nstratfordqe@boston.com,775-830-6021,44,6
952,Caresa,Vasler,cvaslerqf@blogspot.com,475-378-7422,751,6
953,Matthieu,Sporgeon,msporgeonqg@columbia.edu,932-660-3667,982,3
954,Melissa,Hevey,mheveyqh@surveymonkey.com,197-524-4593,986,7
955,Andrej,Eede,aeedeqi@cafepress.com,805-493-5192,415,6
956,Matthiew,Vardon,mvardonqj@ask.com,717-542-7821,130,7
957,Colman,McCuffie,cmccuffieqk@netlog.com,406-432-7007,777,7
958,Lucie,Domerq,ldomerqql@ox.ac.uk,698-139-4757,852,7
959,Casper,Arnau,carnauqm@xinhuanet.com,664-621-1261,697,3
960,Nevsa,Diffley,ndiffleyqn@craigslist.org,773-924-4380,663,4
961,Annice,Deason,adeasonqo@usgs.gov,452-683-5500,938,2
962,Weidar,Kelledy,wkelledyqp@seattletimes.com,420-566-6876,323,3
963,Gregor,Kopmann,gkopmannqq@kickstarter.com,686-707-7020,197,2
964,Nora,De la Harpe,ndelaharpeqr@reverbnation.com,930-299-3796,639,4
965,Ike,Bode,ibodeqs@chicagotribune.com,347-332-3135,920,6
966,Kaye,Slowly,kslowlyqt@desdev.cn,769-295-0649,268,6
967,Jules,O'Loinn,joloinnqu@netlog.com,606-771-5145,895,6
968,Claudetta,Garlick,cgarlickqv@state.tx.us,412-155-0557,540,7
969,Giovanna,Canwell,gcanwellqw@vimeo.com,511-200-8130,435,1
970,Ferris,Grioli,fgrioliqx@dmoz.org,249-163-7267,784,5
971,Karmen,Airdrie,kairdrieqy@biglobe.ne.jp,619-417-6621,695,3
972,Anthia,Debold,adeboldqz@illinois.edu,464-491-7455,782,5
973,Elliot,Stanmer,estanmerr0@who.int,720-735-4825,825,3
974,Rowland,Juszczak,rjuszczakr1@wired.com,978-856-2448,618,3
975,Ezri,Goadsby,egoadsbyr2@linkedin.com,659-478-0535,952,2
976,Randi,Trenam,rtrenamr3@google.ru,903-818-9900,75,7
977,Dena,Gerrill,dgerrillr4@wikimedia.org,224-447-4095,824,2
978,Allyce,Handrahan,ahandrahanr5@amazon.de,518-906-0522,967,3
979,Gunar,Brumbie,gbrumbier6@nbcnews.com,755-463-8799,166,1
980,Nealy,Barkess,nbarkessr7@t-online.de,728-716-5450,554,1
981,Leroy,Gellibrand,lgellibrandr8@dailymail.co.uk,575-207-1595,307,7
982,Pascal,Nilges,pnilgesr9@house.gov,737-398-0343,808,1
983,Domini,Teas,dteasra@cargocollective.com,335-594-3391,371,5
984,Sandor,Skurray,sskurrayrb@godaddy.com,773-667-1999,708,1
985,Moselle,Challen,mchallenrc@elpais.com,113-528-9913,431,4
986,Ulysses,Youhill,uyouhillrd@simplemachines.org,143-736-0389,402,4
987,Kris,Goulston,kgoulstonre@mit.edu,379-481-5264,243,1
988,Finley,Norcott,fnorcottrf@buzzfeed.com,465-721-2601,278,4
989,Odelinda,Leachman,oleachmanrg@digg.com,986-471-6536,844,5
990,Mandie,Dradey,mdradeyrh@miibeian.gov.cn,134-546-0241,454,6
991,Sidney,Mallinder,smallinderri@rediff.com,142-294-7796,265,7
992,Lanna,Brame,lbramerj@simplemachines.org,755-732-3184,755,2
993,Cassondra,Gouldthorp,cgouldthorprk@freewebs.com,778-496-9517,861,4
994,Eleonora,Geydon,egeydonrl@army.mil,606-815-1306,472,2
995,Jade,Rintoul,jrintoulrm@usa.gov,670-376-2560,418,7
996,Merrel,Cobbald,mcobbaldrn@bigcartel.com,365-776-7446,193,5
997,Morgan,Brumen,mbrumenro@github.io,389-344-5430,364,5
998,Tiffanie,Gillford,tgillfordrp@meetup.com,748-427-2907,309,4
999,Reinold,MacHostie,rmachostierq@t.co,455-661-0462,625,1
1000,Lind,Armall,larmallrr@youku.com,858-691-1916,773,2
